AT0913IA.jpg,AT0913IA
CA6888BH.jpg,CA6888BH
KI4108AB.jpg,KI4108AB
BC1615MC.jpg,BC1615MC
AA3002YA.jpg,AA3002YA
AM1138CT.jpg,AM1138CT
AT9272IB.jpg,AT9272IB
CA2865IM.jpg,CA2865IM
BH6881TP.jpg,BH6881TP
AT6017HH.jpg,AT6017HH
AE9139AH.jpg,AE9139AH
KA5025IX.jpg,KA5025IX
AE4092OO.jpg,AE4092OO
AT7961HM.jpg,AT7961HM
BC2809TA.jpg,BC2809TA
KA3739BA.jpg,KA3739BA
KA4228KA.jpg,KA4228KA
BH3574TP.jpg,BH3574TP
BK6507IK.jpg,BK6507IK
AH8441PA.jpg,AH8441PA
BC4615YB.jpg,BC4615YB
BT1065EA.jpg,BT1065EA
KA7544IP.jpg,KA7544IP
AA1111AX.jpg,AA1111AX
KA2282AM.jpg,KA2282AM
AX6004MC.jpg,AX6004MC
AB1293BB.jpg,AB1293BB
CA6217KE.jpg,CA6217KE
BK4200BO.jpg,BK4200BO
BK2375YA.jpg,BK2375YA
AE0811KT.jpg,AE0811KT
AI8487PO.jpg,AI8487PO
AT2520HX.jpg,AT2520HX
BH6798HM.jpg,BH6798HM
BO8735EK.jpg,BO8735EK
BC4285PM.jpg,BC4285PM
KA4853HM.jpg,KA4853HM
BX4238HI.jpg,BX4238HI
AX5232KC.jpg,AX5232KC
CB5650EK.jpg,CB5650EK
BC5146PK.jpg,BC5146PK
CA0886HP.jpg,CA0886HP
BH7543PO.jpg,BH7543PO
BC2173ZR.jpg,BC2173ZR
CB9297EA.jpg,CB9297EA
KA3184BE.jpg,KA3184BE
BK9400HP.jpg,BK9400HP
KA1671EA.jpg,KA1671EA
AC5534HO.jpg,AC5534HO
BH3549TM.jpg,BH3549TM
KA1156MK.jpg,KA1156MK
BH0515TC.jpg,BH0515TC
AX9605MT.jpg,AX9605MT
AP2959KE.jpg,AP2959KE
AM5648EM.jpg,AM5648EM
BC9381OB.jpg,BC9381OB
AC1708HE.jpg,AC1708HE
AX2440YA.jpg,AX2440YA
KA8175IT.jpg,KA8175IT
BO6887BO.jpg,BO6887BO
BX9977BX.jpg,BX9977BX
BI0678EA.jpg,BI0678EA
BH9684PB.jpg,BH9684PB
KA4816AM.jpg,KA4816AM
CB5787EO.jpg,CB5787EO
BC7000KI.jpg,BC7000KI
AI6872HE.jpg,AI6872HE
AE2381ZA.jpg,AE2381ZA
KA3747MA.jpg,KA3747MA
BC9449II.jpg,BC9449II
AB1312KK.jpg,AB1312KK
KA3996MK.jpg,KA3996MK
AI5787OI.jpg,AI5787OI
CE3333MM.jpg,CE3333MM
BH2387TT.jpg,BH2387TT
BX4893HT.jpg,BX4893HT
KA9198KT.jpg,KA9198KT
AC9235CO.jpg,AC9235CO
CE7962EO.jpg,CE7962EO
BH9798IO.jpg,BH9798IO
AB5857BX.jpg,AB5857BX
BK2044II.jpg,BK2044II
KA9734II.jpg,KA9734II
KA9274EE.jpg,KA9274EE
AI7607OX.jpg,AI7607OX
BC3493KB.jpg,BC3493KB
KA6261KB.jpg,KA6261KB
KA7900MC.jpg,KA7900MC
KA2257HH.jpg,KA2257HH
BH2399PB.jpg,BH2399PB
CE0127EK.jpg,CE0127EK
AB4402KP.jpg,AB4402KP
KA4583EX.jpg,KA4583EX
AI4424II.jpg,AI4424II
KA9690HP.jpg,KA9690HP
CE0170AT.jpg,CE0170AT
BH1555BB.jpg,BH1555BB
AC1723ET.jpg,AC1723ET
BE1439EX.jpg,BE1439EX
BC3859OP.jpg,BC3859OP
KI5073AB.jpg,KI5073AB
KA5482IX.jpg,KA5482IX
AE6297TI.jpg,AE6297TI
AA6488OK.jpg,AA6488OK
BC7471OX.jpg,BC7471OX
AA6442IK.jpg,AA6442IK
BA1409HB.jpg,BA1409HB
AX1037OB.jpg,AX1037OB
BK9911CH.jpg,BK9911CH
BH0399OC.jpg,BH0399OC
AT0917ZA.jpg,AT0917ZA
BX1003HC.jpg,BX1003HC
BC6047YA.jpg,BC6047YA
BK8350IE.jpg,BK8350IE
AO0537HO.jpg,AO0537HO
AX1023OT.jpg,AX1023OT
AB7475EH.jpg,AB7475EH
BC4623TC.jpg,BC4623TC
AI2873PP.jpg,AI2873PP
AE6229MM.jpg,AE6229MM
KA1878BA.jpg,KA1878BA
BI2534IT.jpg,BI2534IT
AA8239EH.jpg,AA8239EH
BK4770IC.jpg,BK4770IC
AE3153TC.jpg,AE3153TC
AI1991CP.jpg,AI1991CP
BA1011BK.jpg,BA1011BK
BH1500TB.jpg,BH1500TB
AM6320AT.jpg,AM6320AT
AE0361XE.jpg,AE0361XE
KA7656AP.jpg,KA7656AP
BC4119CH.jpg,BC4119CH
AO8818CE.jpg,AO8818CE
AI9063HB.jpg,AI9063HB
BX1404HE.jpg,BX1404HE
AB7519KK.jpg,AB7519KK
BK7176HP.jpg,BK7176HP
BE4564CM.jpg,BE4564CM
AM2417HP.jpg,AM2417HP
AT9238HB.jpg,AT9238HB
AP5848CH.jpg,AP5848CH
BI2273IB.jpg,BI2273IB
BH0408MH.jpg,BH0408MH
BC2488YB.jpg,BC2488YB
AX1796HK.jpg,AX1796HK
BC2829TK.jpg,BC2829TK
AA0066TO.jpg,AA0066TO
CA6760CK.jpg,CA6760CK
BH0960OI.jpg,BH0960OI
AM1295HB.jpg,AM1295HB
AA0540BP.jpg,AA0540BP
BC0150OH.jpg,BC0150OH
KA5595AT.jpg,KA5595AT
KE2420AC.jpg,KE2420AC
AB8530IE.jpg,AB8530IE
KA1102KX.jpg,KA1102KX
AI1014HO.jpg,AI1014HO
AI1553MX.jpg,AI1553MX
BT1588CO.jpg,BT1588CO
BC5598MM.jpg,BC5598MM
BH5283MX.jpg,BH5283MX
BK3288IM.jpg,BK3288IM
AA4071KI.jpg,AA4071KI
AT0896EH.jpg,AT0896EH
AB6487IP.jpg,AB6487IP
AE2515TC.jpg,AE2515TC
AI3841OO.jpg,AI3841OO
AM1507YA.jpg,AM1507YA
AX8599EA.jpg,AX8599EA
BC5142PI.jpg,BC5142PI
BE3998EM.jpg,BE3998EM
AT2210IB.jpg,AT2210IB
AX8649IO.jpg,AX8649IO
BC7732TC.jpg,BC7732TC
CB0523EC.jpg,CB0523EC
AI8462PB.jpg,AI8462PB
BC6769PK.jpg,BC6769PK
KA9279KX.jpg,KA9279KX
KA1662KT.jpg,KA1662KT
HX0100BB.jpg,HX0100BB
KA0094MM.jpg,KA0094MM
AC0363ZA.jpg,AC0363ZA
AI1995PP.jpg,AI1995PP
BI9293IA.jpg,BI9293IA
BH4193PC.jpg,BH4193PC
AA4182ET.jpg,AA4182ET
KA6924MC.jpg,KA6924MC
KA8983KE.jpg,KA8983KE
BK7332IM.jpg,BK7332IM
BH1930TC.jpg,BH1930TC
KA2265KK.jpg,KA2265KK
BH4273OM.jpg,BH4273OM
AT4472HP.jpg,AT4472HP
AX7062ME.jpg,AX7062ME
BI7991EM.jpg,BI7991EM
AI9377IK.jpg,AI9377IK
BC4157HK.jpg,BC4157HK
BH7620HC.jpg,BH7620HC
BE7881HA.jpg,BE7881HA
AM5686HP.jpg,AM5686HP
BM7705AH.jpg,BM7705AH
AP7952KC.jpg,AP7952KC
KI4636AB.jpg,KI4636AB
CA0986KC.jpg,CA0986KC
KA0075AC.jpg,KA0075AC
BO0901EE.jpg,BO0901EE
KA2871KC.jpg,KA2871KC
AA3453CM.jpg,AA3453CM
BH9793IC.jpg,BH9793IC
KA9004IX.jpg,KA9004IX
KA7879IB.jpg,KA7879IB
AO0214IB.jpg,AO0214IB
BX2050HO.jpg,BX2050HO
AI6493MT.jpg,AI6493MT
AE9306OO.jpg,AE9306OO
CE5098EH.jpg,CE5098EH
AX5277AX.jpg,AX5277AX
BC5535MX.jpg,BC5535MX
KA0455MK.jpg,KA0455MK
BH5300PP.jpg,BH5300PP
CA8368KB.jpg,CA8368KB
AE4100KI.jpg,AE4100KI
AE4878KK.jpg,AE4878KK
CA4007KH.jpg,CA4007KH
AA5750ZA.jpg,AA5750ZA
BK6320IK.jpg,BK6320IK
BO4338EO.jpg,BO4338EO
AE4888CP.jpg,AE4888CP
KA3037BK.jpg,KA3037BK
KA5420KC.jpg,KA5420KC
BO2700AM.jpg,BO2700AM
KA6915HP.jpg,KA6915HP
AM9154HE.jpg,AM9154HE
BC3841YA.jpg,BC3841YA
CE2355EM.jpg,CE2355EM
AB0020CT.jpg,AB0020CT
AT6239AT.jpg,AT6239AT
BC8684PI.jpg,BC8684PI
CE8175BO.jpg,CE8175BO
AT5565AE.jpg,AT5565AE
AO1220EP.jpg,AO1220EP
AT4281IB.jpg,AT4281IB
AA9324KE.jpg,AA9324KE
BO3612AC.jpg,BO3612AC
AX5304OP.jpg,AX5304OP
KA4032KC.jpg,KA4032KC
AE7712OM.jpg,AE7712OM
AT5659CB.jpg,AT5659CB
KA0869AM.jpg,KA0869AM
KA0049BB.jpg,KA0049BB
KA8706MC.jpg,KA8706MC
AP5376IM.jpg,AP5376IM
AO4496HT.jpg,AO4496HT
AX6046MA.jpg,AX6046MA
AI5983PK.jpg,AI5983PK
AO6579HI.jpg,AO6579HI
BX8057BX.jpg,BX8057BX
KA4023OX.jpg,KA4023OX
BH4291PP.jpg,BH4291PP
AP5005HI.jpg,AP5005HI
AA7506YA.jpg,AA7506YA
BH0526IK.jpg,BH0526IK
AA7453TO.jpg,AA7453TO
KA0090XK.jpg,KA0090XK
AE0298IA.jpg,AE0298IA
AI9080PT.jpg,AI9080PT
DI1879IA.jpg,DI1879IA
BK1993II.jpg,BK1993II
BO8534EM.jpg,BO8534EM
KA0738MB.jpg,KA0738MB
BK6094IK.jpg,BK6094IK
BX7629BM.jpg,BX7629BM
AX4345IM.jpg,AX4345IM
AM6172ET.jpg,AM6172ET
BC5974IC.jpg,BC5974IC
AE4002PB.jpg,AE4002PB
BK0090CB.jpg,BK0090CB
AB1812IX.jpg,AB1812IX
BK6136CK.jpg,BK6136CK
BA0159HB.jpg,BA0159HB
AC7995HM.jpg,AC7995HM
BX0179AE.jpg,BX0179AE
AI4400HI.jpg,AI4400HI
BK7324IM.jpg,BK7324IM
BC6921OC.jpg,BC6921OC
AE1757IE.jpg,AE1757IE
BE4440CE.jpg,BE4440CE
KA4859MK.jpg,KA4859MK
AB0720KO.jpg,AB0720KO
KA8690IH.jpg,KA8690IH
BE0787EM.jpg,BE0787EM
AO5676CA.jpg,AO5676CA
BX5784CH.jpg,BX5784CH
BC0822PI.jpg,BC0822PI
BC1630TK.jpg,BC1630TK
KA4858MP.jpg,KA4858MP
KA7853CT.jpg,KA7853CT
HC0106YA.jpg,HC0106YA
BH6798HC.jpg,BH6798HC
AX4325KK.jpg,AX4325KK
AA9380PX.jpg,AA9380PX
AI7017PM.jpg,AI7017PM
BA9383HB.jpg,BA9383HB
AE7757KI.jpg,AE7757KI
AI0188ZA.jpg,AI0188ZA
AT2384HI.jpg,AT2384HI
HK8388HK.jpg,HK8388HK
BC0635TK.jpg,BC0635TK
BO9931CP.jpg,BO9931CP
AA7511TH.jpg,AA7511TH
BC6033PI.jpg,BC6033PI
AI6567OE.jpg,AI6567OE
AI0202CE.jpg,AI0202CE
BO0972EP.jpg,BO0972EP
AE6284PE.jpg,AE6284PE
AI3437HP.jpg,AI3437HP
BH7085TH.jpg,BH7085TH
BO3537EP.jpg,BO3537EP
CE1149BT.jpg,CE1149BT
AB5253KO.jpg,AB5253KO
BH4253TT.jpg,BH4253TT
BH7491TA.jpg,BH7491TA
BI8947IA.jpg,BI8947IA
BM8715BE.jpg,BM8715BE
KA8740IC.jpg,KA8740IC
AO3087CI.jpg,AO3087CI
AI2876PK.jpg,AI2876PK
KA9686IE.jpg,KA9686IE
BM2389BB.jpg,BM2389BB
KA4667KP.jpg,KA4667KP
HT7777TT.jpg,HT7777TT
BC3282KB.jpg,BC3282KB
AI2902OP.jpg,AI2902OP
BI8204IB.jpg,BI8204IB
AI1551BB.jpg,AI1551BB
AA7402PO.jpg,AA7402PO
HH4151AB.jpg,HH4151AB
BO1946CM.jpg,BO1946CM
OO0100PP.jpg,OO0100PP
KE5045AE.jpg,KE5045AE
AI0211EC.jpg,AI0211EC
AA5637IB.jpg,AA5637IB
BX1893CP.jpg,BX1893CP
BM7092EA.jpg,BM7092EA
BH8290OA.jpg,BH8290OA
BC7690OA.jpg,BC7690OA
AC1888CH.jpg,AC1888CH
AE4831XC.jpg,AE4831XC
KA0066IM.jpg,KA0066IM
BK8312HX.jpg,BK8312HX
AI6575EP.jpg,AI6575EP
AI6577MH.jpg,AI6577MH
KT0409AB.jpg,KT0409AB
BK4106CH.jpg,BK4106CH
KA0051AC.jpg,KA0051AC
AO6519HH.jpg,AO6519HH
AA3778PT.jpg,AA3778PT
BM4612BH.jpg,BM4612BH
KA8712MC.jpg,KA8712MC
AC7656HI.jpg,AC7656HI
AA3222ET.jpg,AA3222ET
AP2667KA.jpg,AP2667KA
KA7150HA.jpg,KA7150HA
AC3382YA.jpg,AC3382YA
KA4611MK.jpg,KA4611MK
BC6399PE.jpg,BC6399PE
BH5941TA.jpg,BH5941TA
BH0440BK.jpg,BH0440BK
BH5845IK.jpg,BH5845IK
KA0366IH.jpg,KA0366IH
BX9134HT.jpg,BX9134HT
AA2960AM.jpg,AA2960AM
AC0336ZA.jpg,AC0336ZA
BI8951IA.jpg,BI8951IA
BC9716OA.jpg,BC9716OA
KA0715HA.jpg,KA0715HA
BO3641CC.jpg,BO3641CC
CB3255EH.jpg,CB3255EH
KA2488EA.jpg,KA2488EA
KA8722ME.jpg,KA8722ME
BO1724ET.jpg,BO1724ET
AI4581OO.jpg,AI4581OO
CA6079IX.jpg,CA6079IX
AI4351PP.jpg,AI4351PP
AE5553KO.jpg,AE5553KO
BC1012IO.jpg,BC1012IO
AC7763HM.jpg,AC7763HM
AB0114KP.jpg,AB0114KP
BC1317PA.jpg,BC1317PA
BC6398PX.jpg,BC6398PX
BX4762CO.jpg,BX4762CO
BC4622TE.jpg,BC4622TE
KE1947AE.jpg,KE1947AE
KA7875KP.jpg,KA7875KP
BK9527CI.jpg,BK9527CI
AM4837HH.jpg,AM4837HH
BC2753PA.jpg,BC2753PA
BA9155EO.jpg,BA9155EO
BC0846PX.jpg,BC0846PX
KA1026IA.jpg,KA1026IA
BX7782HK.jpg,BX7782HK
AM7870BX.jpg,AM7870BX
AP0460EK.jpg,AP0460EK
AA6739BH.jpg,AA6739BH
KA6554ME.jpg,KA6554ME
AA5565AP.jpg,AA5565AP
CE8177EI.jpg,CE8177EI
BE0440CO.jpg,BE0440CO
AE3240OT.jpg,AE3240OT
AI1975OK.jpg,AI1975OK
KA9392EE.jpg,KA9392EE
AM8118EC.jpg,AM8118EC
AH5550KE.jpg,AH5550KE
CA6805CH.jpg,CA6805CH
AE3322BX.jpg,AE3322BX
KA2800CP.jpg,KA2800CP
AI2552KA.jpg,AI2552KA
AX4117MT.jpg,AX4117MT
AB0080BH.jpg,AB0080BH
KA6922KT.jpg,KA6922KT
BC1163TE.jpg,BC1163TE
BA9569BX.jpg,BA9569BX
BX1103HP.jpg,BX1103HP
BK4826IC.jpg,BK4826IC
BK0214AI.jpg,BK0214AI
AP0943IE.jpg,AP0943IE
BH1922HP.jpg,BH1922HP
AT1005IC.jpg,AT1005IC
AX7160BK.jpg,AX7160BK
AM9398EK.jpg,AM9398EK
AC7531HK.jpg,AC7531HK
AM3223CA.jpg,AM3223CA
AI1514PP.jpg,AI1514PP
AB5838HX.jpg,AB5838HX
AP7762IB.jpg,AP7762IB
AI6027OT.jpg,AI6027OT
BC6808OO.jpg,BC6808OO
BC1613HX.jpg,BC1613HX
AC4930HC.jpg,AC4930HC
AA2008KO.jpg,AA2008KO
CB5752EO.jpg,CB5752EO
AI2517PT.jpg,AI2517PT
BC0210MC.jpg,BC0210MC
AA4909HT.jpg,AA4909HT
AE3933BH.jpg,AE3933BH
AT3250EH.jpg,AT3250EH
CA0999CI.jpg,CA0999CI
CE0317CO.jpg,CE0317CO
BH7110IM.jpg,BH7110IM
AT0908HP.jpg,AT0908HP
AE4086TB.jpg,AE4086TB
KA3013KC.jpg,KA3013KC
BK6937HH.jpg,BK6937HH
KA8136II.jpg,KA8136II
AE9928HM.jpg,AE9928HM
BH7602PM.jpg,BH7602PM
AB8485KK.jpg,AB8485KK
AB2165KB.jpg,AB2165KB
AI4973HI.jpg,AI4973HI
AI8448CT.jpg,AI8448CT
BX5815BX.jpg,BX5815BX
KA2498CC.jpg,KA2498CC
BA3961HE.jpg,BA3961HE
BC9742PO.jpg,BC9742PO
KA8927KO.jpg,KA8927KO
AE6889KK.jpg,AE6889KK
AA9345CC.jpg,AA9345CC
CE8417CO.jpg,CE8417CO
AC7359HI.jpg,AC7359HI
AE8092XB.jpg,AE8092XB
AI2476OO.jpg,AI2476OO
AE9305OH.jpg,AE9305OH
AA4818OK.jpg,AA4818OK
BH1910OX.jpg,BH1910OX
AX2560MM.jpg,AX2560MM
AH7757ME.jpg,AH7757ME
AT0208BB.jpg,AT0208BB
CA0949KC.jpg,CA0949KC
AX7278EE.jpg,AX7278EE
AT7305IC.jpg,AT7305IC
BH5954TH.jpg,BH5954TH
KA9371KI.jpg,KA9371KI
KE7717AE.jpg,KE7717AE
BC4551TC.jpg,BC4551TC
BA6368EI.jpg,BA6368EI
BH5693TH.jpg,BH5693TH
BK2199HT.jpg,BK2199HT
BH2281IB.jpg,BH2281IB
KA5277OX.jpg,KA5277OX
BC5227YA.jpg,BC5227YA
AT9217IB.jpg,AT9217IB
KA0853MO.jpg,KA0853MO
KE5150AB.jpg,KE5150AB
BC4735YA.jpg,BC4735YA
HX0100OX.jpg,HX0100OX
BA4722BE.jpg,BA4722BE
CE5576EB.jpg,CE5576EB
BH5659TT.jpg,BH5659TT
AI1428PA.jpg,AI1428PA
BI9283CT.jpg,BI9283CT
KA1979BK.jpg,KA1979BK
AO1373HP.jpg,AO1373HP
AE7015EA.jpg,AE7015EA
AA2988IP.jpg,AA2988IP
AA5592TC.jpg,AA5592TC
BC1924OH.jpg,BC1924OH
AT7898EM.jpg,AT7898EM
BC5144MP.jpg,BC5144MP
KA5935MP.jpg,KA5935MP
AC9568HH.jpg,AC9568HH
AE5556EA.jpg,AE5556EA
KB0275AB.jpg,KB0275AB
AB5838IP.jpg,AB5838IP
KA7536IA.jpg,KA7536IA
BC8184TA.jpg,BC8184TA
BK9515IE.jpg,BK9515IE
BC1896BH.jpg,BC1896BH
BC4542TB.jpg,BC4542TB
BX0429HB.jpg,BX0429HB
KE5006AC.jpg,KE5006AC
BI8118AP.jpg,BI8118AP
BC9231PP.jpg,BC9231PP
KA1990IX.jpg,KA1990IX
BI6819BT.jpg,BI6819BT
AP9121IH.jpg,AP9121IH
AB0202BO.jpg,AB0202BO
BO6385EP.jpg,BO6385EP
AI3435PB.jpg,AI3435PB
AB4030KE.jpg,AB4030KE
BH8842PE.jpg,BH8842PE
AE6883XE.jpg,AE6883XE
AA0473XK.jpg,AA0473XK
BK3953IO.jpg,BK3953IO
BT0015II.jpg,BT0015II
BI4793IB.jpg,BI4793IB
AA6437PP.jpg,AA6437PP
CB8112BM.jpg,CB8112BM
BC0177TH.jpg,BC0177TH
BK8330EX.jpg,BK8330EX
BE3136HB.jpg,BE3136HB
BC0255TE.jpg,BC0255TE
KA2477KE.jpg,KA2477KE
KA5023IT.jpg,KA5023IT
AI1310HX.jpg,AI1310HX
KA9682EP.jpg,KA9682EP
AB9159KI.jpg,AB9159KI
AB0737KT.jpg,AB0737KT
AT8027ET.jpg,AT8027ET
BH3558PM.jpg,BH3558PM
BK2061CI.jpg,BK2061CI
AO0305IC.jpg,AO0305IC
BM7339EE.jpg,BM7339EE
AX9939BB.jpg,AX9939BB
KA3447KT.jpg,KA3447KT
AB8636IE.jpg,AB8636IE
AE9916OH.jpg,AE9916OH
KA9694MH.jpg,KA9694MH
BH1154KE.jpg,BH1154KE
BC1290IB.jpg,BC1290IB
AX0088CE.jpg,AX0088CE
BC1281TB.jpg,BC1281TB
AE7022TE.jpg,AE7022TE
AC3187HI.jpg,AC3187HI
BH9884TB.jpg,BH9884TB
BX3235HP.jpg,BX3235HP
BC5535CP.jpg,BC5535CP
KA0720HP.jpg,KA0720HP
AA4974YB.jpg,AA4974YB
BE7868CH.jpg,BE7868CH
BH8073MX.jpg,BH8073MX
KA2785MC.jpg,KA2785MC
BH5215PA.jpg,BH5215PA
CA4921YA.jpg,CA4921YA
AX1777IB.jpg,AX1777IB
AA2057OI.jpg,AA2057OI
KT1000MM.jpg,KT1000MM
BA9399BX.jpg,BA9399BX
BE8477EP.jpg,BE8477EP
KI0022AE.jpg,KI0022AE
CB8788BT.jpg,CB8788BT
AX1674MP.jpg,AX1674MP
BX9181HA.jpg,BX9181HA
AX6177HP.jpg,AX6177HP
AA8271OA.jpg,AA8271OA
AE1777MA.jpg,AE1777MA
BX4060ET.jpg,BX4060ET
AI3053IE.jpg,AI3053IE
KA0552MC.jpg,KA0552MC
AE0818PK.jpg,AE0818PK
KA7173HE.jpg,KA7173HE
KE4803AE.jpg,KE4803AE
AA3003OB.jpg,AA3003OB
AT1125HM.jpg,AT1125HM
KA4614IK.jpg,KA4614IK
AA1115KK.jpg,AA1115KK
KE8000XX.jpg,KE8000XX
AM5652EK.jpg,AM5652EK
AI1033HC.jpg,AI1033HC
BC8083EO.jpg,BC8083EO
AA8228MT.jpg,AA8228MT
CE1363ZA.jpg,CE1363ZA
AA3081XH.jpg,AA3081XH
BC0255PX.jpg,BC0255PX
AE3459TE.jpg,AE3459TE
AM0216HT.jpg,AM0216HT
KA9386BI.jpg,KA9386BI
BX7895HP.jpg,BX7895HP
AE8253TI.jpg,AE8253TI
CA4403HP.jpg,CA4403HP
CB3437CB.jpg,CB3437CB
KA7850MO.jpg,KA7850MO
BC4051MX.jpg,BC4051MX
KA4006IM.jpg,KA4006IM
AE8094OE.jpg,AE8094OE
CB5800AX.jpg,CB5800AX
AX1722IX.jpg,AX1722IX
AT4357BH.jpg,AT4357BH
AI3415CB.jpg,AI3415CB
AB2028KH.jpg,AB2028KH
KA5677AE.jpg,KA5677AE
AT6118EK.jpg,AT6118EK
AO0174HT.jpg,AO0174HT
AA4950YB.jpg,AA4950YB
AA0023PE.jpg,AA0023PE
KA4019OX.jpg,KA4019OX
KA0492IO.jpg,KA0492IO
BC4125MO.jpg,BC4125MO
KA5271HP.jpg,KA5271HP
BC0599HC.jpg,BC0599HC
AX8333BA.jpg,AX8333BA
KA6671MB.jpg,KA6671MB
AX1708ZA.jpg,AX1708ZA
AB5281KK.jpg,AB5281KK
BC5250TA.jpg,BC5250TA
CB3181EH.jpg,CB3181EH
AO7036CH.jpg,AO7036CH
AX6178MX.jpg,AX6178MX
BH7977EM.jpg,BH7977EM
AB5324YA.jpg,AB5324YA
AT7143CT.jpg,AT7143CT
AA4981PI.jpg,AA4981PI
AA1989YA.jpg,AA1989YA
AX3347MA.jpg,AX3347MA
AE0400BK.jpg,AE0400BK
AC1891EH.jpg,AC1891EH
AX3552MO.jpg,AX3552MO
AI9098PC.jpg,AI9098PC
KA0910CC.jpg,KA0910CC
KA5278ME.jpg,KA5278ME
BX7829HI.jpg,BX7829HI
KA5605MB.jpg,KA5605MB
CA0066IE.jpg,CA0066IE
BI6867EA.jpg,BI6867EA
BX3297HO.jpg,BX3297HO
BO4600YA.jpg,BO4600YA
AX1043OC.jpg,AX1043OC
AM4472CO.jpg,AM4472CO
KA3346EE.jpg,KA3346EE
AB6520KP.jpg,AB6520KP
BT9974BB.jpg,BT9974BB
BH9798TK.jpg,BH9798TK
AA0525EP.jpg,AA0525EP
BO6902EP.jpg,BO6902EP
KE5689AI.jpg,KE5689AI
AH1689CI.jpg,AH1689CI
OO0090OO.jpg,OO0090OO
AM1448HB.jpg,AM1448HB
AE6252KT.jpg,AE6252KT
CB5748EO.jpg,CB5748EO
BC6361YA.jpg,BC6361YA
BC0230HK.jpg,BC0230HK
BH5234IP.jpg,BH5234IP
BC9250PP.jpg,BC9250PP
BX1017HI.jpg,BX1017HI
AM2533HK.jpg,AM2533HK
AC3280CM.jpg,AC3280CM
BI2708HX.jpg,BI2708HX
BC4886OC.jpg,BC4886OC
AX0228BO.jpg,AX0228BO
AI8506OB.jpg,AI8506OB
AE7000TH.jpg,AE7000TH
BC0639ZA.jpg,BC0639ZA
AE5808OH.jpg,AE5808OH
BX5766EI.jpg,BX5766EI
AE1717PE.jpg,AE1717PE
KA8160BO.jpg,KA8160BO
BX3136HX.jpg,BX3136HX
BC1659TB.jpg,BC1659TB
AE1500MM.jpg,AE1500MM
AC5000KA.jpg,AC5000KA
BT0642CO.jpg,BT0642CO
KA8340IX.jpg,KA8340IX
AB3243IX.jpg,AB3243IX
BI0843ZA.jpg,BI0843ZA
AA0274YB.jpg,AA0274YB
KI6883AB.jpg,KI6883AB
AA1131AA.jpg,AA1131AA
KA5284EE.jpg,KA5284EE
AC1925ET.jpg,AC1925ET
AT2545IA.jpg,AT2545IA
KA5509MB.jpg,KA5509MB
CE1098EB.jpg,CE1098EB
AC5720HE.jpg,AC5720HE
AE7005OO.jpg,AE7005OO
CA8171HX.jpg,CA8171HX
AE1561XE.jpg,AE1561XE
BH1106PP.jpg,BH1106PP
KA0900PC.jpg,KA0900PC
BH7262PC.jpg,BH7262PC
BH1846TO.jpg,BH1846TO
KA1000XA.jpg,KA1000XA
BK3961HT.jpg,BK3961HT
BK3273IH.jpg,BK3273IH
CA6840IK.jpg,CA6840IK
AI5943PP.jpg,AI5943PP
AX0112EO.jpg,AX0112EO
KA6189EA.jpg,KA6189EA
AI8362EB.jpg,AI8362EB
BC8258KO.jpg,BC8258KO
BH0425TE.jpg,BH0425TE
AI1428PX.jpg,AI1428PX
AI5235YA.jpg,AI5235YA
AB8635KO.jpg,AB8635KO
KA8518ET.jpg,KA8518ET
BX1800AO.jpg,BX1800AO
KT1247AB.jpg,KT1247AB
AT3599IB.jpg,AT3599IB
BK4823EX.jpg,BK4823EX
KA2825CA.jpg,KA2825CA
AH3003EK.jpg,AH3003EK
AP4916IB.jpg,AP4916IB
AA9399KA.jpg,AA9399KA
BH3038TP.jpg,BH3038TP
BH3527OH.jpg,BH3527OH
AA8676EO.jpg,AA8676EO
AT7099CK.jpg,AT7099CK
BO4701EK.jpg,BO4701EK
KA7082MP.jpg,KA7082MP
BC1905TH.jpg,BC1905TH
KA2487IC.jpg,KA2487IC
AA5055KC.jpg,AA5055KC
AE9300OA.jpg,AE9300OA
KA6898II.jpg,KA6898II
AB3250YA.jpg,AB3250YA
BH1642OT.jpg,BH1642OT
BC8762MH.jpg,BC8762MH
KA5067KT.jpg,KA5067KT
AX7080KI.jpg,AX7080KI
KB0001AO.jpg,KB0001AO
AO3951BO.jpg,AO3951BO
AP2760CK.jpg,AP2760CK
CE6325EI.jpg,CE6325EI
BC5501PH.jpg,BC5501PH
CB1344EM.jpg,CB1344EM
BO4175YA.jpg,BO4175YA
AX8880BT.jpg,AX8880BT
AC5669HM.jpg,AC5669HM
BI7020HT.jpg,BI7020HT
BX2028CT.jpg,BX2028CT
BI5413EE.jpg,BI5413EE
AX0063HA.jpg,AX0063HA
AI5351PO.jpg,AI5351PO
AO8926HO.jpg,AO8926HO
BI0703EP.jpg,BI0703EP
AM6160HM.jpg,AM6160HM
DI4090IA.jpg,DI4090IA
AX2544CP.jpg,AX2544CP
AT4463HE.jpg,AT4463HE
CE2966BK.jpg,CE2966BK
BH1897TO.jpg,BH1897TO
AB1282IK.jpg,AB1282IK
AB7278KC.jpg,AB7278KC
BO8374BO.jpg,BO8374BO
BK2838IA.jpg,BK2838IA
KA7902HK.jpg,KA7902HK
BH4817MX.jpg,BH4817MX
KA2521HX.jpg,KA2521HX
AB2003EK.jpg,AB2003EK
BK0505EK.jpg,BK0505EK
KA5493IT.jpg,KA5493IT
BH1515AI.jpg,BH1515AI
KA1681HH.jpg,KA1681HH
BC7473PI.jpg,BC7473PI
AB5345KO.jpg,AB5345KO
AI7383PM.jpg,AI7383PM
BC3796PO.jpg,BC3796PO
AX0714KI.jpg,AX0714KI
AB0808BC.jpg,AB0808BC
BI0911HX.jpg,BI0911HX
BA4667BB.jpg,BA4667BB
KA9994AC.jpg,KA9994AC
KA0706HT.jpg,KA0706HT
KA3005XA.jpg,KA3005XA
AP5360IO.jpg,AP5360IO
AC1677CB.jpg,AC1677CB
BK3262II.jpg,BK3262II
AE2425YB.jpg,AE2425YB
BI6948BH.jpg,BI6948BH
BO8561EI.jpg,BO8561EI
AH8800MH.jpg,AH8800MH
BH8151OI.jpg,BH8151OI
BI1068YA.jpg,BI1068YA
BA1252HH.jpg,BA1252HH
AH2017ME.jpg,AH2017ME
BI1181EB.jpg,BI1181EB
CE3330BH.jpg,CE3330BH
KA3421CI.jpg,KA3421CI
BA6081EI.jpg,BA6081EI
AI0961HP.jpg,AI0961HP
AE5818OE.jpg,AE5818OE
KA7152KX.jpg,KA7152KX
AM4483HH.jpg,AM4483HH
BM2516CM.jpg,BM2516CM
AT6148EO.jpg,AT6148EO
AI9686HB.jpg,AI9686HB
KA1392AT.jpg,KA1392AT
AX2415KB.jpg,AX2415KB
BE0980HH.jpg,BE0980HH
AC4983CM.jpg,AC4983CM
AB9208IO.jpg,AB9208IO
AC7978HA.jpg,AC7978HA
BC5498PO.jpg,BC5498PO
BH4068OT.jpg,BH4068OT
BM4972EI.jpg,BM4972EI
BC0601CT.jpg,BC0601CT
BC8779PP.jpg,BC8779PP
BC5634PM.jpg,BC5634PM
KT0535AB.jpg,KT0535AB
BK3247IO.jpg,BK3247IO
BC6884TH.jpg,BC6884TH
AI0227OI.jpg,AI0227OI
AO8946IB.jpg,AO8946IB
KA2526HT.jpg,KA2526HT
AB5904KP.jpg,AB5904KP
CA0950BE.jpg,CA0950BE
BC7803TB.jpg,BC7803TB
BC3358MP.jpg,BC3358MP
KH8888AI.jpg,KH8888AI
AT8693EM.jpg,AT8693EM
KA9386MH.jpg,KA9386MH
BX9058CB.jpg,BX9058CB
AB1930KB.jpg,AB1930KB
AX0111XK.jpg,AX0111XK
KA6465MO.jpg,KA6465MO
AO7128HO.jpg,AO7128HO
AI7507HK.jpg,AI7507HK
KA5625MI.jpg,KA5625MI
AI5858IT.jpg,AI5858IT
BM2281EI.jpg,BM2281EI
BO0647BE.jpg,BO0647BE
AI8406OK.jpg,AI8406OK
AX7045IM.jpg,AX7045IM
CA2528CH.jpg,CA2528CH
KA3416IH.jpg,KA3416IH
AI6548PK.jpg,AI6548PK
BH3585TO.jpg,BH3585TO
BK6390IM.jpg,BK6390IM
CA8440KA.jpg,CA8440KA
BI8112EH.jpg,BI8112EH
AA3651OI.jpg,AA3651OI
KA6603AO.jpg,KA6603AO
AI3719PO.jpg,AI3719PO
AI7035OO.jpg,AI7035OO
BH4949KA.jpg,BH4949KA
AM7873HO.jpg,AM7873HO
AA9325PO.jpg,AA9325PO
AA8924YA.jpg,AA8924YA
AT5404IC.jpg,AT5404IC
AM1539HA.jpg,AM1539HA
AB5334CM.jpg,AB5334CM
AA2093YB.jpg,AA2093YB
KA1648CH.jpg,KA1648CH
BC4890OP.jpg,BC4890OP
BC6771PX.jpg,BC6771PX
BX3253BI.jpg,BX3253BI
AC6111BE.jpg,AC6111BE
AH8478MC.jpg,AH8478MC
BH2755IA.jpg,BH2755IA
AO0596BO.jpg,AO0596BO
AO1045IC.jpg,AO1045IC
BC4040HO.jpg,BC4040HO
BK9800HX.jpg,BK9800HX
AX1812HO.jpg,AX1812HO
KA5917IK.jpg,KA5917IK
KI3786AB.jpg,KI3786AB
AC3508EP.jpg,AC3508EP
AT7044IB.jpg,AT7044IB
AT9181AI.jpg,AT9181AI
AC3006HE.jpg,AC3006HE
AX8679KO.jpg,AX8679KO
BX2157HX.jpg,BX2157HX
AX1743MC.jpg,AX1743MC
AO1972CB.jpg,AO1972CB
BE0646HB.jpg,BE0646HB
BC0944PO.jpg,BC0944PO
KA7865MI.jpg,KA7865MI
BX3299ET.jpg,BX3299ET
BC9743OO.jpg,BC9743OO
AA8659EO.jpg,AA8659EO
AI4388YA.jpg,AI4388YA
BA3828HB.jpg,BA3828HB
CE3237EP.jpg,CE3237EP
BB6212AH.jpg,BB6212AH
BE8568ET.jpg,BE8568ET
KA6181MA.jpg,KA6181MA
KA5064MH.jpg,KA5064MH
BX6142HX.jpg,BX6142HX
AC9544HH.jpg,AC9544HH
BO0640ET.jpg,BO0640ET
AP0810IH.jpg,AP0810IH
AH8733KE.jpg,AH8733KE
AX4199EI.jpg,AX4199EI
AI0653ET.jpg,AI0653ET
AO2080HE.jpg,AO2080HE
BH3022OX.jpg,BH3022OX
AA2239XP.jpg,AA2239XP
AA8243TX.jpg,AA8243TX
BC4793KX.jpg,BC4793KX
AA1417IE.jpg,AA1417IE
BH7523PA.jpg,BH7523PA
KA5913MH.jpg,KA5913MH
AX0720KO.jpg,AX0720KO
AE9929CK.jpg,AE9929CK
BH4898HE.jpg,BH4898HE
KA6604CA.jpg,KA6604CA
AE4006AE.jpg,AE4006AE
BH5615OO.jpg,BH5615OO
AB1361EI.jpg,AB1361EI
AM9706HM.jpg,AM9706HM
KE5555AK.jpg,KE5555AK
AB6342IM.jpg,AB6342IM
BM4671EA.jpg,BM4671EA
AA0043EO.jpg,AA0043EO
KA8687HP.jpg,KA8687HP
AA8319OO.jpg,AA8319OO
BX7851HX.jpg,BX7851HX
BA6356HA.jpg,BA6356HA
KA0889MO.jpg,KA0889MO
KA6550IK.jpg,KA6550IK
AB8675KO.jpg,AB8675KO
KA3688MO.jpg,KA3688MO
BO3413EA.jpg,BO3413EA
AI1019PE.jpg,AI1019PE
AM3258EO.jpg,AM3258EO
KE8506AC.jpg,KE8506AC
KA0307CK.jpg,KA0307CK
BC9698PT.jpg,BC9698PT
AE1669EM.jpg,AE1669EM
AP7765IC.jpg,AP7765IC
KA8130MB.jpg,KA8130MB
KA0477EH.jpg,KA0477EH
KA9935BM.jpg,KA9935BM
CE1067YA.jpg,CE1067YA
AX0752KO.jpg,AX0752KO
AA4132YB.jpg,AA4132YB
CB0999CA.jpg,CB0999CA
AX9926CI.jpg,AX9926CI
AI7383OK.jpg,AI7383OK
BI4895IA.jpg,BI4895IA
AT3770IC.jpg,AT3770IC
KA3423EE.jpg,KA3423EE
AB9163KI.jpg,AB9163KI
CA8251HX.jpg,CA8251HX
AO8718HP.jpg,AO8718HP
CA0022HB.jpg,CA0022HB
BC9666IA.jpg,BC9666IA
CE1253YA.jpg,CE1253YA
AI0268OI.jpg,AI0268OI
CA0027EH.jpg,CA0027EH
CE8499EB.jpg,CE8499EB
AH8777IO.jpg,AH8777IO
HH7791AB.jpg,HH7791AB
BH6767KE.jpg,BH6767KE
AI1785OX.jpg,AI1785OX
AE8110PB.jpg,AE8110PB
AX5256MM.jpg,AX5256MM
KA1646CB.jpg,KA1646CB
KE4376AE.jpg,KE4376AE
AI1001PI.jpg,AI1001PI
AB6255KK.jpg,AB6255KK
BM6501EA.jpg,BM6501EA
AT3375HX.jpg,AT3375HX
AC9822HK.jpg,AC9822HK
CE1111IE.jpg,CE1111IE
AI7027OC.jpg,AI7027OC
BK9472IB.jpg,BK9472IB
BC2775OP.jpg,BC2775OP
AX8800AC.jpg,AX8800AC
KA8124II.jpg,KA8124II
BX6116EC.jpg,BX6116EC
BO2683EM.jpg,BO2683EM
KA1715KA.jpg,KA1715KA
BO0761BE.jpg,BO0761BE
AI4463PK.jpg,AI4463PK
AP5002EA.jpg,AP5002EA
BO4089CM.jpg,BO4089CM
BK9565HA.jpg,BK9565HA
KA6907KX.jpg,KA6907KX
KA3455IA.jpg,KA3455IA
KA8962MK.jpg,KA8962MK
AA7685TM.jpg,AA7685TM
KA4266IP.jpg,KA4266IP
AX1000TI.jpg,AX1000TI
AI8414MT.jpg,AI8414MT
AA7657TK.jpg,AA7657TK
KA9392BM.jpg,KA9392BM
KA5228IX.jpg,KA5228IX
AB0117IA.jpg,AB0117IA
AB7264KC.jpg,AB7264KC
AM0259YA.jpg,AM0259YA
KA5828CH.jpg,KA5828CH
BH2277IO.jpg,BH2277IO
BH1881BM.jpg,BH1881BM
AE1745EC.jpg,AE1745EC
DI6754IA.jpg,DI6754IA
BC1824PP.jpg,BC1824PP
BI0990CI.jpg,BI0990CI
AM0184CX.jpg,AM0184CX
KA6236HC.jpg,KA6236HC
BK6100IK.jpg,BK6100IK
HK2553AB.jpg,HK2553AB
BC8013OB.jpg,BC8013OB
CA8328IX.jpg,CA8328IX
AT9238HP.jpg,AT9238HP
BH7572TI.jpg,BH7572TI
AI0465MH.jpg,AI0465MH
BH8796OA.jpg,BH8796OA
BK8339II.jpg,BK8339II
KA4263MC.jpg,KA4263MC
CE8527CB.jpg,CE8527CB
AC3035HC.jpg,AC3035HC
AB1897IB.jpg,AB1897IB
KA9003BB.jpg,KA9003BB
AO8783HT.jpg,AO8783HT
KA6608CA.jpg,KA6608CA
KA2545MO.jpg,KA2545MO
AB7587IB.jpg,AB7587IB
BB9000CK.jpg,BB9000CK
AB4044CI.jpg,AB4044CI
KA3741KA.jpg,KA3741KA
KP3768AB.jpg,KP3768AB
AI4888IC.jpg,AI4888IC
BC3322IA.jpg,BC3322IA
BC5865IM.jpg,BC5865IM
CB1282BK.jpg,CB1282BK
AA4814OA.jpg,AA4814OA
KA5843EE.jpg,KA5843EE
AX4150MT.jpg,AX4150MT
KA5838EX.jpg,KA5838EX
KA4590KX.jpg,KA4590KX
KA1152MM.jpg,KA1152MM
BM4640EI.jpg,BM4640EI
AE4966MM.jpg,AE4966MM
AE9097XC.jpg,AE9097XC
HH2024AB.jpg,HH2024AB
AM6115HK.jpg,AM6115HK
KA9205ME.jpg,KA9205ME
HC0100EK.jpg,HC0100EK
AA8908HO.jpg,AA8908HO
BK0453AK.jpg,BK0453AK
AE6319TB.jpg,AE6319TB
KA5268IO.jpg,KA5268IO
KA0285BH.jpg,KA0285BH
KA0275EB.jpg,KA0275EB
AM0090EB.jpg,AM0090EB
AP7853EO.jpg,AP7853EO
KA4056IK.jpg,KA4056IK
AB5275IX.jpg,AB5275IX
KA2784IK.jpg,KA2784IK
KA1312KP.jpg,KA1312KP
AI3004OH.jpg,AI3004OH
KA1324IC.jpg,KA1324IC
BO6760AM.jpg,BO6760AM
AE0805PB.jpg,AE0805PB
AI3710IH.jpg,AI3710IH
AA0005CO.jpg,AA0005CO
AI2831IC.jpg,AI2831IC
KA1981KT.jpg,KA1981KT
AE9973TB.jpg,AE9973TB
AE2415EI.jpg,AE2415EI
AE0821PI.jpg,AE0821PI
BC1281PE.jpg,BC1281PE
AM8149HO.jpg,AM8149HO
BX2017HB.jpg,BX2017HB
AO9000OO.jpg,AO9000OO
AC4076HE.jpg,AC4076HE
AI0471OK.jpg,AI0471OK
BC0555MC.jpg,BC0555MC
AA3679IO.jpg,AA3679IO
KA9779BI.jpg,KA9779BI
KI3924AB.jpg,KI3924AB
HH6176AB.jpg,HH6176AB
AE9151CC.jpg,AE9151CC
BK1402AX.jpg,BK1402AX
CA4131KC.jpg,CA4131KC
CA2505KI.jpg,CA2505KI
BA1278EH.jpg,BA1278EH
BC2223HK.jpg,BC2223HK
BO4553EI.jpg,BO4553EI
AI9375OK.jpg,AI9375OK
KE2217AB.jpg,KE2217AB
BI4918IM.jpg,BI4918IM
AB0628ZA.jpg,AB0628ZA
BM2589EB.jpg,BM2589EB
AT8269HC.jpg,AT8269HC
KI0001PO.jpg,KI0001PO
AC4754CM.jpg,AC4754CM
BO9897EP.jpg,BO9897EP
AE9008KB.jpg,AE9008KB
AM4432CI.jpg,AM4432CI
BC8851PT.jpg,BC8851PT
AA4100BO.jpg,AA4100BO
AP3005KE.jpg,AP3005KE
AB4534KP.jpg,AB4534KP
BH1168HA.jpg,BH1168HA
AT2260IA.jpg,AT2260IA
CA0970BC.jpg,CA0970BC
BH7080TP.jpg,BH7080TP
AO0405BH.jpg,AO0405BH
AI5077EI.jpg,AI5077EI
AI0667OP.jpg,AI0667OP
KA7658KX.jpg,KA7658KX
AA2022OA.jpg,AA2022OA
AO4399HM.jpg,AO4399HM
BC7422OB.jpg,BC7422OB
AC9356HM.jpg,AC9356HM
BC2698KX.jpg,BC2698KX
BX0179IA.jpg,BX0179IA
KA6975MB.jpg,KA6975MB
AI6613OT.jpg,AI6613OT
AB3177IO.jpg,AB3177IO
AM0009AO.jpg,AM0009AO
AI3367PO.jpg,AI3367PO
BH8274PH.jpg,BH8274PH
AI9012IT.jpg,AI9012IT
BI6691HX.jpg,BI6691HX
AM9064ET.jpg,AM9064ET
AX5211MM.jpg,AX5211MM
BK4863IB.jpg,BK4863IB
KA1394KX.jpg,KA1394KX
AA0357PH.jpg,AA0357PH
AE0200OE.jpg,AE0200OE
CB5685BX.jpg,CB5685BX
AT4002IB.jpg,AT4002IB
BC2205IO.jpg,BC2205IO
KE8543AC.jpg,KE8543AC
BI8012HX.jpg,BI8012HX
AP1235KE.jpg,AP1235KE
BH2730TK.jpg,BH2730TK
BC2800AE.jpg,BC2800AE
BE0592EX.jpg,BE0592EX
KA6504EH.jpg,KA6504EH
AX3165CT.jpg,AX3165CT
CA0909BX.jpg,CA0909BX
BC8689TA.jpg,BC8689TA
AC0952HM.jpg,AC0952HM
BC6923OC.jpg,BC6923OC
AI3744MA.jpg,AI3744MA
AX0499OB.jpg,AX0499OB
CE1084EI.jpg,CE1084EI
AP9609IX.jpg,AP9609IX
KA5271MM.jpg,KA5271MM
KA8407HE.jpg,KA8407HE
AP9193KA.jpg,AP9193KA
AB8608KK.jpg,AB8608KK
BO3534CM.jpg,BO3534CM
BT0188EA.jpg,BT0188EA
BH4740TK.jpg,BH4740TK
AX3118MM.jpg,AX3118MM
AB5898KP.jpg,AB5898KP
AI5237MT.jpg,AI5237MT
KA4216MO.jpg,KA4216MO
AX4357MP.jpg,AX4357MP
KA3692AO.jpg,KA3692AO
AI5073MT.jpg,AI5073MT
BC7749BK.jpg,BC7749BK
AP4587KB.jpg,AP4587KB
AE7778HH.jpg,AE7778HH
AI5036HI.jpg,AI5036HI
AI9449II.jpg,AI9449II
BC1631TK.jpg,BC1631TK
AB9290KE.jpg,AB9290KE
BC6366IC.jpg,BC6366IC
KA0770OC.jpg,KA0770OC
AA0086XB.jpg,AA0086XB
AM4244CT.jpg,AM4244CT
BC1613YB.jpg,BC1613YB
BI2618EC.jpg,BI2618EC
BH5802CX.jpg,BH5802CX
AX0235MT.jpg,AX0235MT
BH2302TE.jpg,BH2302TE
BM7981CK.jpg,BM7981CK
CB3736EO.jpg,CB3736EO
KA6263AE.jpg,KA6263AE
BK0329IH.jpg,BK0329IH
KA1351IP.jpg,KA1351IP
AB2102KE.jpg,AB2102KE
BH0511TC.jpg,BH0511TC
KA0746BH.jpg,KA0746BH
AB0061EH.jpg,AB0061EH
BB6602CH.jpg,BB6602CH
AE4943PI.jpg,AE4943PI
BC3908BE.jpg,BC3908BE
KA6663HM.jpg,KA6663HM
BX8933EK.jpg,BX8933EK
AB8581KE.jpg,AB8581KE
CB8662EH.jpg,CB8662EH
KA8381BE.jpg,KA8381BE
BH4232OB.jpg,BH4232OB
BB4603BI.jpg,BB4603BI
KA4233MH.jpg,KA4233MH
KA6133MM.jpg,KA6133MM
BC8194HC.jpg,BC8194HC
KI1822AB.jpg,KI1822AB
BC8085PX.jpg,BC8085PX
AE0184OM.jpg,AE0184OM
BH8179IM.jpg,BH8179IM
AI3063PT.jpg,AI3063PT
KA4614EK.jpg,KA4614EK
AI5361PT.jpg,AI5361PT
BK2505HM.jpg,BK2505HM
KA2274KP.jpg,KA2274KP
KA5506KE.jpg,KA5506KE
BH9163PK.jpg,BH9163PK
BK4859IB.jpg,BK4859IB
BI7004BK.jpg,BI7004BK
CE0259YA.jpg,CE0259YA
AI2452KP.jpg,AI2452KP
KE1689AE.jpg,KE1689AE
AC0105YA.jpg,AC0105YA
BC7362HO.jpg,BC7362HO
AM0100TT.jpg,AM0100TT
BK3270HK.jpg,BK3270HK
CB3165CB.jpg,CB3165CB
BC2250TC.jpg,BC2250TC
AB3392KO.jpg,AB3392KO
BH9147IP.jpg,BH9147IP
CE5766CA.jpg,CE5766CA
AE7400PK.jpg,AE7400PK
KA0220AO.jpg,KA0220AO
CA2950IE.jpg,CA2950IE
HH1966AB.jpg,HH1966AB
